<?xml version="1.0"?>
<items>
	<item>Aberdeen</item>
	<item>Ada</item>
	<item>Adamsville</item>
	<item>Addyston</item>
	<item>Adelphi</item>
	<item>Adena</item>
	<item>Adrian</item>
	<item>Akron</item>
	<item>Albany</item>
	<item>Alexandria</item>
	<item>Alger</item>
	<item>Alledonia</item>
	<item>Alliance</item>
	<item>Alpha</item>
	<item>Alvada</item>
	<item>Alvordton</item>
	<item>Amanda</item>
	<item>Amelia</item>
	<item>Amesville</item>
	<item>Amherst</item>
	<item>Amlin</item>
	<item>Amsden</item>
	<item>Amsterdam</item>
	<item>Andover</item>
	<item>Anna</item>
	<item>Ansonia</item>
	<item>Antwerp</item>
	<item>Apple Creek</item>
	<item>Arcadia</item>
	<item>Arcanum</item>
	<item>Archbold</item>
	<item>Arlington</item>
	<item>Ashland</item>
	<item>Ashley</item>
	<item>Ashtabula</item>
	<item>Ashville</item>
	<item>Athens</item>
	<item>Attica</item>
	<item>Atwater</item>
	<item>Augusta</item>
	<item>Aurora</item>
	<item>Austinburg</item>
	<item>Ava</item>
	<item>Avon</item>
	<item>Avon Lake</item>
	<item>Bainbridge</item>
	<item>Bakersville</item>
	<item>Baltic</item>
	<item>Baltimore</item>
	<item>Bannock</item>
	<item>Barberton</item>
	<item>Barlow</item>
	<item>Barnesville</item>
	<item>Bartlett</item>
	<item>Barton</item>
	<item>Bascom</item>
	<item>Batavia</item>
	<item>Bath</item>
	<item>Bay Village</item>
	<item>Beach City</item>
	<item>Beachwood</item>
	<item>Beallsville</item>
	<item>Beaver</item>
	<item>Beaverdam</item>
	<item>Bedford</item>
	<item>Bellaire</item>
	<item>Bellbrook</item>
	<item>Belle Center</item>
	<item>Belle Valley</item>
	<item>Bellefontaine</item>
	<item>Bellevue</item>
	<item>Bellville</item>
	<item>Belmont</item>
	<item>Belmore</item>
	<item>Beloit</item>
	<item>Belpre</item>
	<item>Benton Ridge</item>
	<item>Bentonville</item>
	<item>Berea</item>
	<item>Bergholz</item>
	<item>Berkey</item>
	<item>Berlin</item>
	<item>Berlin Center</item>
	<item>Berlin Heights</item>
	<item>Bethel</item>
	<item>Bethesda</item>
	<item>Bettsville</item>
	<item>Beverly</item>
	<item>Bidwell</item>
	<item>Big Prairie</item>
	<item>Birmingham</item>
	<item>Blacklick</item>
	<item>Bladensburg</item>
	<item>Blaine</item>
	<item>Blakeslee</item>
	<item>Blanchester</item>
	<item>Blissfield</item>
	<item>Bloomdale</item>
	<item>Bloomingburg</item>
	<item>Bloomingdale</item>
	<item>Bloomville</item>
	<item>Blue Creek</item>
	<item>Blue Rock</item>
	<item>Bluffton</item>
	<item>Bolivar</item>
	<item>Botkins</item>
	<item>Bourneville</item>
	<item>Bowerston</item>
	<item>Bowersville</item>
	<item>Bowling Green</item>
	<item>Bradford</item>
	<item>Bradner</item>
	<item>Brady Lake</item>
	<item>Brecksville</item>
	<item>Bremen</item>
	<item>Brewster</item>
	<item>Brice</item>
	<item>Bridgeport</item>
	<item>Brilliant</item>
	<item>Brinkhaven</item>
	<item>Bristolville</item>
	<item>Broadview Heights</item>
	<item>Broadway</item>
	<item>Brookfield</item>
	<item>Brookpark</item>
	<item>Brookville</item>
	<item>Brownsville</item>
	<item>Brunswick</item>
	<item>Bryan</item>
	<item>Buchtel</item>
	<item>Buckeye Lake</item>
	<item>Buckland</item>
	<item>Bucyrus</item>
	<item>Buffalo</item>
	<item>Buford</item>
	<item>Burbank</item>
	<item>Burghill</item>
	<item>Burgoon</item>
	<item>Burkettsville</item>
	<item>Burton</item>
	<item>Butler</item>
	<item>Byesville</item>
	<item>Cable</item>
	<item>Cadiz</item>
	<item>Cairo</item>
	<item>Caldwell</item>
	<item>Caledonia</item>
	<item>Cambridge</item>
	<item>Camden</item>
	<item>Cameron</item>
	<item>Camp Dennison</item>
	<item>Campbell</item>
	<item>Canal Fulton</item>
	<item>Canal Winchester</item>
	<item>Canfield</item>
	<item>Canton</item>
	<item>Carbon Hill</item>
	<item>Carbondale</item>
	<item>Cardington</item>
	<item>Carey</item>
	<item>Carroll</item>
	<item>Carrollton</item>
	<item>Casstown</item>
	<item>Castalia</item>
	<item>Catawba</item>
	<item>Cecil</item>
	<item>Cedarville</item>
	<item>Celina</item>
	<item>Centerburg</item>
	<item>Chagrin Falls</item>
	<item>Chandlersville</item>
	<item>Chardon</item>
	<item>Charm</item>
	<item>Chatfield</item>
	<item>Chauncey</item>
	<item>Cherry Fork</item>
	<item>Chesapeake</item>
	<item>Cheshire</item>
	<item>Chester</item>
	<item>Chesterhill</item>
	<item>Chesterland</item>
	<item>Chesterville</item>
	<item>Chickasaw</item>
	<item>Chillicothe</item>
	<item>Chilo</item>
	<item>Chippewa Lake</item>
	<item>Christiansburg</item>
	<item>Cincinnati</item>
	<item>Circleville</item>
	<item>Clarington</item>
	<item>Clarksburg</item>
	<item>Clarksville</item>
	<item>Clay Center</item>
	<item>Clayton</item>
	<item>Cleveland</item>
	<item>Cleves</item>
	<item>Clifton</item>
	<item>Clinton</item>
	<item>Cloverdale</item>
	<item>Clyde</item>
	<item>Coal Run</item>
	<item>Coalton</item>
	<item>Coldwater</item>
	<item>Colerain</item>
	<item>College Corner</item>
	<item>Collins</item>
	<item>Collinsville</item>
	<item>Colton</item>
	<item>Columbia Station</item>
	<item>Columbiana</item>
	<item>Columbus</item>
	<item>Columbus Grove</item>
	<item>Commercial Point</item>
	<item>Conesville</item>
	<item>Conneaut</item>
	<item>Conover</item>
	<item>Continental</item>
	<item>Convoy</item>
	<item>Coolville</item>
	<item>Corning</item>
	<item>Cortland</item>
	<item>Coshocton</item>
	<item>Covington</item>
	<item>Creola</item>
	<item>Crestline</item>
	<item>Creston</item>
	<item>Crooksville</item>
	<item>Croton</item>
	<item>Crown City</item>
	<item>Cuba</item>
	<item>Cumberland</item>
	<item>Curtice</item>
	<item>Custar</item>
	<item>Cutler</item>
	<item>Cuyahoga Falls</item>
	<item>Cygnet</item>
	<item>Cynthiana</item>
	<item>Dalton</item>
	<item>Damascus</item>
	<item>Danville</item>
	<item>Dayton</item>
	<item>De Graff</item>
	<item>Decatur</item>
	<item>Deerfield</item>
	<item>Deersville</item>
	<item>Defiance</item>
	<item>Delaware</item>
	<item>Dellroy</item>
	<item>Delphos</item>
	<item>Delta</item>
	<item>Dennison</item>
	<item>Derby</item>
	<item>Derwent</item>
	<item>Deshler</item>
	<item>Dexter City</item>
	<item>Diamond</item>
	<item>Dillonvale</item>
	<item>Dola</item>
	<item>Donnelsville</item>
	<item>Dorset</item>
	<item>Dover</item>
	<item>Doylestown</item>
	<item>Dresden</item>
	<item>Dublin</item>
	<item>Dunbridge</item>
	<item>Duncan Falls</item>
	<item>Dundee</item>
	<item>Dunkirk</item>
	<item>Dupont</item>
	<item>East Claridon</item>
	<item>East Fultonham</item>
	<item>East Liberty</item>
	<item>East Liverpool</item>
	<item>East Palestine</item>
	<item>East Rochester</item>
	<item>East Sparta</item>
	<item>East Springfield</item>
	<item>Eastlake</item>
	<item>Eaton</item>
	<item>Edgerton</item>
	<item>Edison</item>
	<item>Edon</item>
	<item>Eldorado</item>
	<item>Elgin</item>
	<item>Elkton</item>
	<item>Ellsworth</item>
	<item>Elmore</item>
	<item>Elyria</item>
	<item>Empire</item>
	<item>Englewood</item>
	<item>Enon</item>
	<item>Etna</item>
	<item>Euclid</item>
	<item>Evansport</item>
	<item>Fairborn</item>
	<item>Fairfield</item>
	<item>Fairpoint</item>
	<item>Fairview</item>
	<item>Farmdale</item>
	<item>Farmer</item>
	<item>Farmersville</item>
	<item>Fayette</item>
	<item>Fayetteville</item>
	<item>Feesburg</item>
	<item>Felicity</item>
	<item>Findlay</item>
	<item>Flat Rock</item>
	<item>Fleming</item>
	<item>Fletcher</item>
	<item>Flushing</item>
	<item>Forest</item>
	<item>Fort Jennings</item>
	<item>Fort Loramie</item>
	<item>Fort Recovery</item>
	<item>Fostoria</item>
	<item>Fowler</item>
	<item>Frankfort</item>
	<item>Franklin</item>
	<item>Franklin Furnace</item>
	<item>Frazeysburg</item>
	<item>Fredericksburg</item>
	<item>Fredericktown</item>
	<item>Freeport</item>
	<item>Fremont</item>
	<item>Fresno</item>
	<item>Friendship</item>
	<item>Fulton</item>
	<item>Fultonham</item>
	<item>Galena</item>
	<item>Galion</item>
	<item>Gallipolis</item>
	<item>Galloway</item>
	<item>Gambier</item>
	<item>Garrettsville</item>
	<item>Gates Mills</item>
	<item>Geneva</item>
	<item>Genoa</item>
	<item>Georgetown</item>
	<item>Germantown</item>
	<item>Gettysburg</item>
	<item>Gibsonburg</item>
	<item>Girard</item>
	<item>Glandorf</item>
	<item>Glencoe</item>
	<item>Glenford</item>
	<item>Glenmont</item>
	<item>Glouster</item>
	<item>Gnadenhutten</item>
	<item>Gomer</item>
	<item>Goshen</item>
	<item>Grafton</item>
	<item>Grand Rapids</item>
	<item>Grand River</item>
	<item>Granville</item>
	<item>Gratiot</item>
	<item>Gratis</item>
	<item>Graysville</item>
	<item>Graytown</item>
	<item>Green</item>
	<item>Green Camp</item>
	<item>Green Springs</item>
	<item>Greenfield</item>
	<item>Greenford</item>
	<item>Greentown</item>
	<item>Greenville</item>
	<item>Greenwich</item>
	<item>Grelton</item>
	<item>Grove City</item>
	<item>Groveport</item>
	<item>Grover Hill</item>
	<item>Guysville</item>
	<item>Gypsum</item>
	<item>Hallsville</item>
	<item>Hamden</item>
	<item>Hamersville</item>
	<item>Hamilton</item>
	<item>Hamler</item>
	<item>Hammondsville</item>
	<item>Hannibal</item>
	<item>Hanoverton</item>
	<item>Harbor View</item>
	<item>Harlem Springs</item>
	<item>Harpster</item>
	<item>Harrisburg</item>
	<item>Harrison</item>
	<item>Harrisville</item>
	<item>Harrod</item>
	<item>Hartford</item>
	<item>Hartville</item>
	<item>Harveysburg</item>
	<item>Haskins</item>
	<item>Haverhill</item>
	<item>Haviland</item>
	<item>Haydenville</item>
	<item>Hayesville</item>
	<item>Heath</item>
	<item>Hebron</item>
	<item>Helena</item>
	<item>Hicksville</item>
	<item>Higginsport</item>
	<item>Highland</item>
	<item>Hilliard</item>
	<item>Hillsboro</item>
	<item>Hinckley</item>
	<item>Hiram</item>
	<item>Hockingport</item>
	<item>Holgate</item>
	<item>Holland</item>
	<item>Hollansburg</item>
	<item>Holloway</item>
	<item>Holmesville</item>
	<item>Homer</item>
	<item>Homerville</item>
	<item>Homeworth</item>
	<item>Hooven</item>
	<item>Hopedale</item>
	<item>Hopewell</item>
	<item>Houston</item>
	<item>Howard</item>
	<item>Hoytville</item>
	<item>Hubbard</item>
	<item>Hudson</item>
	<item>Huntsburg</item>
	<item>Huntsville</item>
	<item>Huron</item>
	<item>Iberia</item>
	<item>Independence</item>
	<item>Irondale</item>
	<item>Ironton</item>
	<item>Irwin</item>
	<item>Isle Saint George</item>
	<item>Jackson</item>
	<item>Jackson Center</item>
	<item>Jacksontown</item>
	<item>Jacksonville</item>
	<item>Jacobsburg</item>
	<item>Jamestown</item>
	<item>Jasper</item>
	<item>Jefferson</item>
	<item>Jeffersonville</item>
	<item>Jenera</item>
	<item>Jeromesville</item>
	<item>Jerry City</item>
	<item>Jerusalem</item>
	<item>Jewell</item>
	<item>Jewett</item>
	<item>Johnstown</item>
	<item>Junction City</item>
	<item>Kalida</item>
	<item>Kansas</item>
	<item>Keene</item>
	<item>Kelleys Island</item>
	<item>Kensington</item>
	<item>Kent</item>
	<item>Kenton</item>
	<item>Kerr</item>
	<item>Kettlersville</item>
	<item>Kidron</item>
	<item>Kilbourne</item>
	<item>Killbuck</item>
	<item>Kimbolton</item>
	<item>Kings Mills</item>
	<item>Kingston</item>
	<item>Kingsville</item>
	<item>Kinsman</item>
	<item>Kipling</item>
	<item>Kipton</item>
	<item>Kirby</item>
	<item>Kirkersville</item>
	<item>Kitts Hill</item>
	<item>Kunkle</item>
	<item>La Rue</item>
	<item>Lacarne</item>
	<item>Lafayette</item>
	<item>Lafferty</item>
	<item>Lagrange</item>
	<item>Laings</item>
	<item>Lake Milton</item>
	<item>Lakemore</item>
	<item>Lakeside Marblehead</item>
	<item>Lakeview</item>
	<item>Lakeville</item>
	<item>Lakewood</item>
	<item>Lancaster</item>
	<item>Langsville</item>
	<item>Lansing</item>
	<item>Latham</item>
	<item>Latty</item>
	<item>Laura</item>
	<item>Laurelville</item>
	<item>Leavittsburg</item>
	<item>Lebanon</item>
	<item>Lees Creek</item>
	<item>Leesburg</item>
	<item>Leesville</item>
	<item>Leetonia</item>
	<item>Leipsic</item>
	<item>Lemoyne</item>
	<item>Lewis Center</item>
	<item>Lewisburg</item>
	<item>Lewistown</item>
	<item>Lewisville</item>
	<item>Liberty Center</item>
	<item>Lima</item>
	<item>Limaville</item>
	<item>Lindsey</item>
	<item>Lisbon</item>
	<item>Litchfield</item>
	<item>Lithopolis</item>
	<item>Little Hocking</item>
	<item>Lockbourne</item>
	<item>Lodi</item>
	<item>Logan</item>
	<item>London</item>
	<item>Londonderry</item>
	<item>Long Bottom</item>
	<item>Lorain</item>
	<item>Lore City</item>
	<item>Loudonville</item>
	<item>Louisville</item>
	<item>Loveland</item>
	<item>Lowell</item>
	<item>Lowellville</item>
	<item>Lower Salem</item>
	<item>Lucas</item>
	<item>Lucasville</item>
	<item>Luckey</item>
	<item>Ludlow Falls</item>
	<item>Lynchburg</item>
	<item>Lynx</item>
	<item>Lyons</item>
	<item>Macedonia</item>
	<item>Macksburg</item>
	<item>Madison</item>
	<item>Magnetic Springs</item>
	<item>Magnolia</item>
	<item>Maineville</item>
	<item>Malaga</item>
	<item>Malinta</item>
	<item>Malta</item>
	<item>Malvern</item>
	<item>Manchester</item>
	<item>Mansfield</item>
	<item>Mantua</item>
	<item>Maple Heights</item>
	<item>Maplewood</item>
	<item>Marathon</item>
	<item>Marengo</item>
	<item>Maria Stein</item>
	<item>Marietta</item>
	<item>Marion</item>
	<item>Mark Center</item>
	<item>Marshallville</item>
	<item>Martel</item>
	<item>Martin</item>
	<item>Martins Ferry</item>
	<item>Martinsburg</item>
	<item>Martinsville</item>
	<item>Marysville</item>
	<item>Mason</item>
	<item>Massillon</item>
	<item>Masury</item>
	<item>Maumee</item>
	<item>Maximo</item>
	<item>Maynard</item>
	<item>Mc Arthur</item>
	<item>Mc Clure</item>
	<item>Mc Comb</item>
	<item>Mc Connelsville</item>
	<item>Mc Cutchenville</item>
	<item>Mc Dermott</item>
	<item>Mc Donald</item>
	<item>Mc Guffey</item>
	<item>Mechanicsburg</item>
	<item>Mechanicstown</item>
	<item>Medina</item>
	<item>Medway</item>
	<item>Melmore</item>
	<item>Melrose</item>
	<item>Mendon</item>
	<item>Mentor</item>
	<item>Mesopotamia</item>
	<item>Metamora</item>
	<item>Miamisburg</item>
	<item>Miamitown</item>
	<item>Miamiville</item>
	<item>Middle Bass</item>
	<item>Middle Point</item>
	<item>Middlebranch</item>
	<item>Middleburg</item>
	<item>Middlefield</item>
	<item>Middleport</item>
	<item>Middletown</item>
	<item>Midland</item>
	<item>Midvale</item>
	<item>Milan</item>
	<item>Milford</item>
	<item>Milford Center</item>
	<item>Millbury</item>
	<item>Milledgeville</item>
	<item>Miller City</item>
	<item>Millersburg</item>
	<item>Millersport</item>
	<item>Millfield</item>
	<item>Milton Center</item>
	<item>Mineral City</item>
	<item>Mineral Ridge</item>
	<item>Minerva</item>
	<item>Minford</item>
	<item>Mingo</item>
	<item>Mingo Junction</item>
	<item>Minster</item>
	<item>Mogadore</item>
	<item>Monclova</item>
	<item>Monroe</item>
	<item>Monroeville</item>
	<item>Montezuma</item>
	<item>Montpelier</item>
	<item>Montville</item>
	<item>Morral</item>
	<item>Morristown</item>
	<item>Morrow</item>
	<item>Moscow</item>
	<item>Mount Blanchard</item>
	<item>Mount Cory</item>
	<item>Mount Eaton</item>
	<item>Mount Gilead</item>
	<item>Mount Hope</item>
	<item>Mount Liberty</item>
	<item>Mount Orab</item>
	<item>Mount Perry</item>
	<item>Mount Pleasant</item>
	<item>Mount Saint Joseph</item>
	<item>Mount Sterling</item>
	<item>Mount Vernon</item>
	<item>Mount Victory</item>
	<item>Mowrystown</item>
	<item>Moxahala</item>
	<item>Munroe Falls</item>
	<item>Murray City</item>
	<item>Nankin</item>
	<item>Napoleon</item>
	<item>Nashport</item>
	<item>Nashville</item>
	<item>Navarre</item>
	<item>Neapolis</item>
	<item>Neffs</item>
	<item>Negley</item>
	<item>Nelsonville</item>
	<item>Nevada</item>
	<item>Neville</item>
	<item>New Albany</item>
	<item>New Athens</item>
	<item>New Bavaria</item>
	<item>New Bloomington</item>
	<item>New Bremen</item>
	<item>New Carlisle</item>
	<item>New Concord</item>
	<item>New Hampshire</item>
	<item>New Haven</item>
	<item>New Holland</item>
	<item>New Knoxville</item>
	<item>New Lebanon</item>
	<item>New Lexington</item>
	<item>New London</item>
	<item>New Madison</item>
	<item>New Marshfield</item>
	<item>New Matamoras</item>
	<item>New Middletown</item>
	<item>New Paris</item>
	<item>New Philadelphia</item>
	<item>New Plymouth</item>
	<item>New Richmond</item>
	<item>New Riegel</item>
	<item>New Rumley</item>
	<item>New Springfield</item>
	<item>New Straitsville</item>
	<item>New Vienna</item>
	<item>New Washington</item>
	<item>New Waterford</item>
	<item>New Weston</item>
	<item>Newark</item>
	<item>Newbury</item>
	<item>Newcomerstown</item>
	<item>Newport</item>
	<item>Newton Falls</item>
	<item>Newtonsville</item>
	<item>Ney</item>
	<item>Niles</item>
	<item>North Baltimore</item>
	<item>North Bend</item>
	<item>North Benton</item>
	<item>North Bloomfield</item>
	<item>North Fairfield</item>
	<item>North Georgetown</item>
	<item>North Hampton</item>
	<item>North Jackson</item>
	<item>North Kingsville</item>
	<item>North Lawrence</item>
	<item>North Lewisburg</item>
	<item>North Lima</item>
	<item>North Olmsted</item>
	<item>North Ridgeville</item>
	<item>North Robinson</item>
	<item>North Royalton</item>
	<item>North Star</item>
	<item>Northfield</item>
	<item>Northwood</item>
	<item>Norwalk</item>
	<item>Norwich</item>
	<item>Nova</item>
	<item>Novelty</item>
	<item>Oak Harbor</item>
	<item>Oak Hill</item>
	<item>Oakwood</item>
	<item>Oberlin</item>
	<item>Oceola</item>
	<item>Ohio City</item>
	<item>Okeana</item>
	<item>Okolona</item>
	<item>Old Fort</item>
	<item>Old Washington</item>
	<item>Olmsted Falls</item>
	<item>Ontario</item>
	<item>Orangeville</item>
	<item>Oregon</item>
	<item>Oregonia</item>
	<item>Orient</item>
	<item>Orrville</item>
	<item>Orwell</item>
	<item>Osgood</item>
	<item>Ostrander</item>
	<item>Ottawa</item>
	<item>Ottoville</item>
	<item>Otway</item>
	<item>Overpeck</item>
	<item>Owensville</item>
	<item>Oxford</item>
	<item>Painesville</item>
	<item>Palestine</item>
	<item>Pandora</item>
	<item>Paris</item>
	<item>Parkman</item>
	<item>Pataskala</item>
	<item>Patriot</item>
	<item>Paulding</item>
	<item>Payne</item>
	<item>Pedro</item>
	<item>Peebles</item>
	<item>Pemberton</item>
	<item>Pemberville</item>
	<item>Peninsula</item>
	<item>Perry</item>
	<item>Perrysburg</item>
	<item>Perrysville</item>
	<item>Petersburg</item>
	<item>Pettisville</item>
	<item>Phillipsburg</item>
	<item>Philo</item>
	<item>Pickerington</item>
	<item>Piedmont</item>
	<item>Pierpont</item>
	<item>Piketon</item>
	<item>Piney Fork</item>
	<item>Pioneer</item>
	<item>Piqua</item>
	<item>Pitsburg</item>
	<item>Plain City</item>
	<item>Plainfield</item>
	<item>Pleasant City</item>
	<item>Pleasant Hill</item>
	<item>Pleasant Plain</item>
	<item>Pleasantville</item>
	<item>Plymouth</item>
	<item>Polk</item>
	<item>Pomeroy</item>
	<item>Port Clinton</item>
	<item>Port Jefferson</item>
	<item>Port Washington</item>
	<item>Port William</item>
	<item>Portage</item>
	<item>Portland</item>
	<item>Portsmouth</item>
	<item>Potsdam</item>
	<item>Powell</item>
	<item>Powhatan Point</item>
	<item>Proctorville</item>
	<item>Prospect</item>
	<item>Put in Bay</item>
	<item>Quaker City</item>
	<item>Quincy</item>
	<item>Racine</item>
	<item>Radnor</item>
	<item>Randolph</item>
	<item>Rarden</item>
	<item>Ravenna</item>
	<item>Rawson</item>
	<item>Ray</item>
	<item>Rayland</item>
	<item>Raymond</item>
	<item>Reedsville</item>
	<item>Reesville</item>
	<item>Reno</item>
	<item>Republic</item>
	<item>Reynoldsburg</item>
	<item>Richfield</item>
	<item>Richmond</item>
	<item>Richmond Dale</item>
	<item>Richwood</item>
	<item>Ridgeville Corners</item>
	<item>Ridgeway</item>
	<item>Rio Grande</item>
	<item>Ripley</item>
	<item>Risingsun</item>
	<item>Rittman</item>
	<item>Robertsville</item>
	<item>Rock Camp</item>
	<item>Rock Creek</item>
	<item>Rockbridge</item>
	<item>Rockford</item>
	<item>Rocky Ridge</item>
	<item>Rocky River</item>
	<item>Rogers</item>
	<item>Rome</item>
	<item>Rootstown</item>
	<item>Roseville</item>
	<item>Rosewood</item>
	<item>Ross</item>
	<item>Rossburg</item>
	<item>Rossford</item>
	<item>Roundhead</item>
	<item>Rudolph</item>
	<item>Rushsylvania</item>
	<item>Rushville</item>
	<item>Russells Point</item>
	<item>Russellville</item>
	<item>Russia</item>
	<item>Rutland</item>
	<item>Sabina</item>
	<item>Saint Clairsville</item>
	<item>Saint Henry</item>
	<item>Saint Johns</item>
	<item>Saint Louisville</item>
	<item>Saint Marys</item>
	<item>Saint Paris</item>
	<item>Salem</item>
	<item>Salesville</item>
	<item>Salineville</item>
	<item>Sandusky</item>
	<item>Sandyville</item>
	<item>Sarahsville</item>
	<item>Sardinia</item>
	<item>Sardis</item>
	<item>Savannah</item>
	<item>Scio</item>
	<item>Scioto Furnace</item>
	<item>Scott</item>
	<item>Scottown</item>
	<item>Seaman</item>
	<item>Sebring</item>
	<item>Sedalia</item>
	<item>Senecaville</item>
	<item>Seven Mile</item>
	<item>Seville</item>
	<item>Shade</item>
	<item>Shadyside</item>
	<item>Shandon</item>
	<item>Sharon Center</item>
	<item>Sharpsburg</item>
	<item>Shauck</item>
	<item>Shawnee</item>
	<item>Sheffield Lake</item>
	<item>Shelby</item>
	<item>Sherrodsville</item>
	<item>Sherwood</item>
	<item>Shiloh</item>
	<item>Short Creek</item>
	<item>Shreve</item>
	<item>Sidney</item>
	<item>Sinking Spring</item>
	<item>Smithfield</item>
	<item>Smithville</item>
	<item>Solon</item>
	<item>Somerdale</item>
	<item>Somerset</item>
	<item>Somerville</item>
	<item>South Bloomingville</item>
	<item>South Charleston</item>
	<item>South Lebanon</item>
	<item>South Point</item>
	<item>South Salem</item>
	<item>South Solon</item>
	<item>South Vienna</item>
	<item>South Webster</item>
	<item>Southington</item>
	<item>Sparta</item>
	<item>Spencer</item>
	<item>Spencerville</item>
	<item>Spring Valley</item>
	<item>Springboro</item>
	<item>Springfield</item>
	<item>Stafford</item>
	<item>Sterling</item>
	<item>Steubenville</item>
	<item>Stewart</item>
	<item>Stillwater</item>
	<item>Stockdale</item>
	<item>Stockport</item>
	<item>Stone Creek</item>
	<item>Stony Ridge</item>
	<item>Stout</item>
	<item>Stoutsville</item>
	<item>Stow</item>
	<item>Strasburg</item>
	<item>Stratton</item>
	<item>Streetsboro</item>
	<item>Strongsville</item>
	<item>Struthers</item>
	<item>Stryker</item>
	<item>Sugar Grove</item>
	<item>Sugarcreek</item>
	<item>Sullivan</item>
	<item>Sulphur Springs</item>
	<item>Summerfield</item>
	<item>Summit Station</item>
	<item>Summitville</item>
	<item>Sunbury</item>
	<item>Swanton</item>
	<item>Sycamore</item>
	<item>Sycamore Valley</item>
	<item>Sylvania</item>
	<item>Syracuse</item>
	<item>Tallmadge</item>
	<item>Tarlton</item>
	<item>Terrace Park</item>
	<item>The Plains</item>
	<item>Thompson</item>
	<item>Thornville</item>
	<item>Thurman</item>
	<item>Thurston</item>
	<item>Tiffin</item>
	<item>Tiltonsville</item>
	<item>Tipp City</item>
	<item>Tippecanoe</item>
	<item>Tiro</item>
	<item>Toledo</item>
	<item>Tontogany</item>
	<item>Torch</item>
	<item>Toronto</item>
	<item>Tremont City</item>
	<item>Trenton</item>
	<item>Trimble</item>
	<item>Trinway</item>
	<item>Troy</item>
	<item>Tuppers Plains</item>
	<item>Tuscarawas</item>
	<item>Twinsburg</item>
	<item>Uhrichsville</item>
	<item>Union City</item>
	<item>Union Furnace</item>
	<item>Unionport</item>
	<item>Uniontown</item>
	<item>Unionville</item>
	<item>Unionville Center</item>
	<item>Uniopolis</item>
	<item>Upper Sandusky</item>
	<item>Urbana</item>
	<item>Utica</item>
	<item>Valley City</item>
	<item>Van Buren</item>
	<item>Van Wert</item>
	<item>Vandalia</item>
	<item>Vanlue</item>
	<item>Vaughnsville</item>
	<item>Venedocia</item>
	<item>Vermilion</item>
	<item>Verona</item>
	<item>Versailles</item>
	<item>Vickery</item>
	<item>Vienna</item>
	<item>Vincent</item>
	<item>Vinton</item>
	<item>Wadsworth</item>
	<item>Wakefield</item>
	<item>Wakeman</item>
	<item>Walbridge</item>
	<item>Waldo</item>
	<item>Walhonding</item>
	<item>Walnut Creek</item>
	<item>Wapakoneta</item>
	<item>Warnock</item>
	<item>Warren</item>
	<item>Warsaw</item>
	<item>Washington Court House</item>
	<item>Washingtonville</item>
	<item>Waterford</item>
	<item>Waterloo</item>
	<item>Watertown</item>
	<item>Waterville</item>
	<item>Wauseon</item>
	<item>Waverly</item>
	<item>Wayland</item>
	<item>Wayne</item>
	<item>Waynesburg</item>
	<item>Waynesfield</item>
	<item>Waynesville</item>
	<item>Wellington</item>
	<item>Wellston</item>
	<item>Wellsville</item>
	<item>West Alexandria</item>
	<item>West Chester</item>
	<item>West Elkton</item>
	<item>West Farmington</item>
	<item>West Jefferson</item>
	<item>West Lafayette</item>
	<item>West Liberty</item>
	<item>West Manchester</item>
	<item>West Mansfield</item>
	<item>West Millgrove</item>
	<item>West Milton</item>
	<item>West Point</item>
	<item>West Portsmouth</item>
	<item>West Rushville</item>
	<item>West Salem</item>
	<item>West Union</item>
	<item>West Unity</item>
	<item>Westerville</item>
	<item>Westfield Center</item>
	<item>Westlake</item>
	<item>Weston</item>
	<item>Westville</item>
	<item>Wharton</item>
	<item>Wheelersburg</item>
	<item>Whipple</item>
	<item>White Cottage</item>
	<item>Whitehouse</item>
	<item>Wickliffe</item>
	<item>Wilberforce</item>
	<item>Wilkesville</item>
	<item>Willard</item>
	<item>Williamsburg</item>
	<item>Williamsfield</item>
	<item>Williamsport</item>
	<item>Williamstown</item>
	<item>Williston</item>
	<item>Willoughby</item>
	<item>Willow Wood</item>
	<item>Willshire</item>
	<item>Wilmington</item>
	<item>Wilmot</item>
	<item>Winchester</item>
	<item>Windham</item>
	<item>Windsor</item>
	<item>Winesburg</item>
	<item>Wingett Run</item>
	<item>Winona</item>
	<item>Wolf Run</item>
	<item>Woodsfield</item>
	<item>Woodstock</item>
	<item>Woodville</item>
	<item>Wooster</item>
	<item>Wren</item>
	<item>Xenia</item>
	<item>Yellow Springs</item>
	<item>Yorkshire</item>
	<item>Yorkville</item>
	<item>Youngstown</item>
	<item>Zaleski</item>
	<item>Zanesfield</item>
	<item>Zanesville</item>
	<item>Zoar</item>
</items>